feature,importance
rdap_ip_v4_count,1.3531941
ip_as_address_entropy,1.3153608
lex_sub_count,1.136703
lex_tld_abuse_score,0.82717735
tls_expired_chain,0.6199311
ip_count,0.5780871
rdap_registrar_name_hash,0.5659957
lex_tld_hash,0.51818734
rdap_domain_age,0.48504966
ip_mean_average_rtt,0.4838424
dns_A_count,0.4798964
rdap_time_from_last_change,0.47410077
ip_entropy,0.4199339
rdap_registrar_name_len,0.415653
lex_tld_len,0.3618181
dns_NS_count,0.3571029
dns_ttl_stdev,0.30944958
dns_zone_entropy,0.30287805
dns_zone_len,0.26885217
tls_chain_len,0.2636138
tls_leaf_cert_validity_len,0.25917104
lex_short_part_count,0.23682015
rdap_registration_period,0.22517385
rdap_registrar_name_entropy,0.19989604
rdap_ip_avg_admin_name_len,0.19931228
tls_joint_isoitu_policy_crt_count,0.19498643
ip_v4_ratio,0.17578618
ip_distinct_as_count,0.17381753
dns_ttl_low,0.168639
dns_MX_count,0.16702417
geo_countries_hash,0.1664795
dns_ttl_distinct_count,0.16625942
lex_malware_pentagram_matches,0.14651324
lex_stdev_part_lens,0.14207168
dns_ttl_avg,0.14005336
rdap_ip_avg_admin_email_entropy,0.13351095
rdap_domain_active_time,0.12516904
rdap_ip_shortest_v4_prefix_len,0.12438872
dns_soa_retry,0.12330199
rdap_ip_avg_admin_name_entropy,0.12123044
dns_txt_avg_len,0.11632806
lex_sub_hex_ratio,0.114002064
rdap_ip_avg_admin_email_len,0.10800613
dns_AAAA_count,0.107160695
lex_avg_part_len,0.100539
lex_malware_tetragram_matches,0.100352265
lex_sld_hex_ratio,0.09890334
dns_resolved_record_types,0.098595224
lex_stld_unique_char_count,0.09745325
lex_sld_norm_entropy,0.0969333
dns_mx_avg_len,0.09540837
lex_sub_non_alphanum_ratio,0.09477878
rdap_ip_longest_v4_prefix_len,0.091818355
lex_sub_norm_entropy,0.0907711
rdap_ip_v6_count,0.0903563
geo_max_lon,0.08490614
lex_malware_trigram_matches,0.08260242
lex_www_flag,0.082549036
lex_malware_bigram_matches,0.08084298
tls_negotiated_cipher_id,0.07968335
lex_sub_vowel_ratio,0.07921599
lex_sub_max_consonant_len,0.077788025
rdap_ip_longest_v6_prefix_len,0.07752305
dns_soa_refresh,0.07681057
tls_leaf_authority_hash,0.074404165
dns_has_dnskey,0.07435077
lex_sld_vowel_ratio,0.073650554
lex_name_len,0.07312444
lex_sld_consonant_ratio,0.07072774
dns_CNAME_count,0.07015965
dns_soa_min_ttl,0.06633306
lex_sub_consonant_ratio,0.06618587
dns_ttl_mid,0.064125456
geo_min_lat,0.058278333
dns_mx_avg_entropy,0.05773839
geo_min_lon,0.05723276
tls_negotiated_version_id,0.056524135
lex_consecutive_chars,0.056326136
rdap_registrant_name_len,0.054175142
dns_soa_email_entropy,0.05386196
geo_max_lat,0.053088445
ip_asn_entropy,0.052837327
dns_TXT_count,0.047677618
dns_soa_primary_ns_len,0.04737582
dns_soa_primary_ns_entropy,0.047227543
lex_sld_non_alphanum_ratio,0.047158793
dns_txt_avg_entropy,0.04689074
rdap_registrant_name_entropy,0.04638373
lex_sld_digit_ratio,0.046274945
lex_medium_part_count,0.0459915
lex_sub_consonant_count,0.04476661
geo_centroid_lon,0.04429667
lex_longest_part_len,0.04369358
lex_sub_digit_ratio,0.04249226
geo_lon_stdev,0.04168462
lex_benign_keyword_count,0.041080184
tls_root_cert_validity_len,0.041020766
geo_mean_lon,0.040163707
dns_soa_primary_ns_digit_count,0.03967237
lex_sld_vowel_count,0.03838898
geo_lon_range,0.03642922
rdap_ip_shortest_v6_prefix_len,0.03628589
dns_soa_expire,0.03626778
geo_mean_lat,0.03609953
lex_sub_hex_count,0.03602849
rdap_admin_name_entropy,0.035800256
dns_SOA_count,0.035434622
lex_sld_len,0.035213653
lex_sld_hex_count,0.034899093
geo_continent_hash,0.03397355
tls_root_authority_hash,0.032619417
tls_critical_extensions,0.03256352
lex_shortest_sub_len,0.03231633
lex_sub_non_alphanum_count,0.031908613
dns_domain_name_in_mx,0.03181201
lex_sld_consonant_count,0.03173303
lex_sub_vowel_count,0.029253101
geo_estimated_area,0.027890325
geo_centroid_lat,0.026945041
dns_txt_external_verification_score,0.026716765
dns_dnssec_score,0.026502442
lex_sub_digit_count,0.026040897
rdap_admin_email_entropy,0.024778485
dns_soa_email_len,0.024002757
geo_countries_count,0.023261694
tls_total_extension_count,0.021901898
lex_has_digit,0.017812964
geo_malic_host_country,0.015050999
dns_txt_spf_exists,0.014743005
dns_soa_primary_ns_level,0.014720889
rdap_admin_name_len,0.014119875
tls_CA_certs_in_chain_ratio,0.012985121
tls_has_tls,0.012629333
tls_percentage_crt_with_policies,0.010793838
tls_subject_count,0.010333067
lex_begins_with_digit,0.008983986
tls_x509_anypolicy_crt_count,0.007920827
geo_lat_range,0.0072967703
lex_suffix_score,0.0064179013
lex_sld_non_alphanum_count,0.0058622146
dns_zone_digit_count,0.005591023
lex_sld_digit_count,0.005473277
tls_server_auth_crt_count,0.005297083
tls_unique_SLD_count,0.005193906
dns_soa_email_digit_count,0.005186663
geo_continents_count,0.004922717
dns_soa_email_level,0.0041022855
rdap_admin_email_len,0.0037521722
rdap_has_dnssec,0.0035916988
tls_common_name_count,0.0035116833
dns_zone_level,0.0031849076
lex_long_part_count,0.0026610107
tls_client_auth_crt_count,0.0012323629
lex_has_cdn_suffix,0.001198375
lex_ipv4_in_domain,0.001124565
lex_has_vps_suffix,0.0010579814
tls_iso_policy_crt_count,0.0009691928
tls_with_policies_crt_count,0.00072040904
lex_has_img_suffix,0.0005405162
tls_is_self_signed,0.00030626202
lex_has_trusted_suffix,0.00017124148
dns_txt_dkim_exists,0.00010571915
lex_superlong_part_count,4.7702026e-05
dns_txt_dmarc_exists,9.916695e-06
lex_has_wellknown_suffix,0.0
tls_broken_chain,0.0
